Date,Open,High,Low,Close,Adj Close,Volume
1997-07-01,725.028992,732.515991,724.994995,731.619019,731.597290,0
1997-07-02,731.752991,734.018005,727.452026,730.155029,730.133362,0
1997-07-03,730.481995,735.492004,729.562988,735.492004,735.470154,0
1997-07-04,735.825012,736.596985,733.885986,736.596985,736.575134,0
1997-07-07,736.617981,739.833008,735.773987,738.005981,737.984070,0
1997-07-08,738.020996,741.544006,737.833984,740.833008,740.810974,0
1997-07-09,740.942017,742.953979,737.064026,738.138000,738.116089,0
1997-07-10,738.166016,738.401978,724.252991,729.151001,729.129395,0
1997-07-11,729.437988,729.515991,721.330994,723.416016,723.394531,0
1997-07-14,723.690979,725.202026,719.523987,722.497986,722.476501,0
1997-07-15,722.674011,725.117981,720.103027,722.208984,722.187561,0
1997-07-16,723.679016,725.234009,721.202026,723.502991,723.481506,0
1997-07-17,null,null,null,null,null,null
1997-07-18,723.546997,726.489014,720.932007,724.000000,723.978516,0
1997-07-21,724.392029,724.669983,710.612976,712.401978,712.380798,0
1997-07-22,712.674011,713.836975,710.145996,711.440979,711.419861,0
1997-07-23,711.768005,718.189026,711.768005,718.189026,718.167725,0
1997-07-24,718.539978,720.575989,709.817993,712.046021,712.024841,0
1997-07-25,712.046021,712.271973,707.416992,710.057983,710.036926,0
1997-07-28,710.499023,712.304993,709.315979,710.818970,710.797913,0
1997-07-29,710.818970,716.354980,710.818970,716.354980,716.333679,0
1997-07-30,716.431030,721.979004,716.322998,721.979004,721.957581,0
1997-07-31,722.344971,724.250977,717.000000,721.270020,721.248596,0
1997-08-01,721.497009,722.223022,719.060974,721.771973,721.750549,0
1997-08-04,721.245972,721.901001,717.359985,718.708984,718.687622,0
1997-08-05,718.799011,719.931030,711.247009,713.880005,713.858826,0
1997-08-06,713.979004,714.046997,695.754028,699.856018,699.835266,0
1997-08-07,699.856018,699.856018,673.718994,677.838989,677.818909,0
1997-08-08,677.939026,684.132996,671.747009,675.435974,675.415894,0
1997-08-11,675.435974,675.435974,636.387024,658.169983,658.150452,0
1997-08-12,658.622009,667.825989,647.176025,662.947021,662.927368,0
1997-08-13,662.338013,663.546021,654.190002,658.604004,658.584473,0
1997-08-14,658.604004,660.538025,638.616028,643.010986,642.991882,0
1997-08-15,641.908020,641.908020,611.624023,617.705994,617.687622,0
1997-08-18,617.705994,617.705994,565.778992,599.635986,599.618164,0
1997-08-19,598.898010,612.208008,585.586975,590.530029,590.512512,0
1997-08-20,590.151978,595.838013,589.224976,593.171021,593.153442,0
1997-08-21,594.812988,610.309021,594.812988,603.059998,603.042114,0
1997-08-22,602.818970,602.818970,570.122009,574.395020,574.377991,0
1997-08-25,572.411987,572.411987,532.721985,540.929016,540.912964,0
1997-08-26,540.419006,556.724976,517.395020,554.237976,554.221497,0
1997-08-27,554.237976,561.247009,551.981018,555.461975,555.445496,0
1997-08-28,554.692017,554.692017,528.406006,530.366028,530.350281,0
1997-08-29,529.073975,529.073975,491.910004,493.962006,493.947357,0
1997-09-01,493.598999,499.730011,484.022003,485.968994,485.954559,0
1997-09-02,486.526001,489.950012,475.471008,479.014008,478.999786,0
1997-09-03,485.276001,513.366028,485.276001,512.388000,512.372803,0
1997-09-04,518.396973,533.869995,518.396973,533.869995,533.854126,0
1997-09-05,540.310974,594.112976,540.310974,594.112976,594.095398,0
1997-09-08,598.531982,614.866028,589.984009,600.310974,600.293152,0
1997-09-09,606.395996,615.133972,593.112976,598.004028,597.986267,0
1997-09-10,597.791992,598.596008,572.757996,575.015991,574.998962,0
1997-09-11,574.218018,574.218018,554.206970,556.135986,556.119507,0
1997-09-12,555.307007,555.307007,544.138977,546.637024,546.620850,0
1997-09-15,547.632996,554.869019,547.205017,550.760986,550.744629,0
1997-09-16,551.052979,554.291992,533.278992,534.828979,534.813110,0
1997-09-17,534.497009,535.612000,524.346985,526.737000,526.721375,0
1997-09-18,526.325989,526.325989,518.939026,524.271973,524.256409,0
1997-09-19,524.271973,531.513000,524.271973,531.078979,531.063232,0
1997-09-22,531.078979,539.107971,530.585999,535.601013,535.585144,0
1997-09-23,536.142029,539.823975,534.937988,539.482971,539.466919,0
1997-09-24,539.482971,556.325989,539.482971,553.645996,553.629578,0
1997-09-25,555.273010,560.966980,554.914978,559.219971,559.203369,0
1997-09-26,558.786011,558.786011,548.044983,549.919983,549.903687,0
1997-09-29,549.945007,549.945007,542.591980,546.237976,546.221802,0
1997-09-30,547.396973,553.403015,543.656982,546.687988,546.671814,0
1997-10-01,546.219971,546.219971,535.223022,536.986023,536.970093,0
1997-10-02,536.986023,536.986023,530.734009,536.924011,536.908081,0
1997-10-03,535.492004,535.492004,506.747986,515.476990,515.461670,0
1997-10-06,515.192993,515.913025,492.471008,512.893005,512.877808,0
1997-10-07,514.185974,523.893982,512.166992,513.948975,513.933716,0
1997-10-08,515.200012,518.940002,511.250000,518.940002,518.924622,0
1997-10-09,520.922974,526.578003,520.312012,521.112000,521.096558,0
1997-10-10,522.525024,534.752014,522.525024,534.752014,534.736145,0
1997-10-13,533.937988,535.851013,528.706970,534.825989,534.810120,0
1997-10-14,534.989990,536.539978,524.943970,528.919006,528.903259,0
1997-10-15,529.099976,529.382019,515.463013,518.914978,518.899597,0
1997-10-16,518.109009,518.109009,511.828003,517.091003,517.075684,0
1997-10-17,517.091003,522.143982,514.002014,520.684998,520.669556,0
1997-10-20,520.684998,520.684998,510.378998,514.171021,514.155762,0
1997-10-21,514.606995,518.828003,512.346985,514.968018,514.952698,0
1997-10-22,514.809021,514.809021,503.473999,505.233002,505.218018,0
1997-10-23,505.233002,505.233002,490.739014,494.136993,494.122345,0
1997-10-24,493.989014,493.989014,486.768005,490.397003,490.382446,0
1997-10-27,490.544006,493.937012,487.626007,490.119995,490.105438,0
1997-10-28,487.938995,487.938995,444.300995,447.996002,447.982697,0
1997-10-29,453.798004,472.598999,453.798004,472.050995,472.036987,0
1997-10-30,472.125000,502.871002,467.330994,502.871002,502.856079,0
1997-10-31,502.691010,511.665009,488.722992,500.417999,500.403137,0
1997-11-03,500.800995,514.716003,498.239990,501.713989,501.699097,0
1997-11-04,502.674988,506.032990,492.579010,494.848999,494.834290,0
1997-11-05,494.855988,495.536011,486.812988,490.848999,490.834442,0
1997-11-06,490.985992,491.587006,475.437988,478.917999,478.903778,0
1997-11-07,475.614014,477.151001,460.237000,466.115997,466.102173,0
1997-11-10,466.109009,466.109009,458.484009,462.691986,462.678253,0
1997-11-11,462.369995,463.117004,444.126007,448.154999,448.141693,0
1997-11-12,448.169006,452.670990,444.167999,449.640015,449.626678,0
1997-11-13,449.787994,449.787994,436.066986,437.946991,437.933990,0
1997-11-14,438.240997,440.731995,433.760010,436.842987,436.830017,0
1997-11-17,437.509003,443.041992,436.902008,439.537994,439.524963,0
1997-11-18,439.628998,442.536011,431.661987,434.209015,434.196136,0
1997-11-19,434.213989,434.213989,411.410004,415.653992,415.641663,0
1997-11-20,415.742004,415.742004,392.936005,396.130005,396.118225,0
1997-11-21,397.114014,398.782990,385.851013,391.257996,391.246368,0
1997-11-24,391.636993,410.205994,391.636993,410.205994,410.193817,0
1997-11-25,409.237000,409.237000,392.813995,395.678986,395.667267,0
1997-11-26,395.912994,398.539001,393.769012,398.539001,398.527161,0
1997-11-27,398.627991,401.708008,395.730011,401.708008,401.696075,0
1997-11-28,null,null,null,null,null,null
1997-12-01,401.302002,402.123993,396.140015,398.615997,398.604156,0
1997-12-02,398.466003,398.605011,390.825012,394.282990,394.271271,0
1997-12-03,393.407013,393.407013,384.645996,389.682007,389.670441,0
1997-12-04,389.682007,401.925995,389.682007,401.925995,401.914063,0
1997-12-05,402.075989,414.778015,402.075989,414.778015,414.765686,0
1997-12-08,415.808014,427.890991,415.808014,423.613007,423.600433,0
1997-12-09,424.139008,425.842010,416.634003,425.496002,425.483368,0
1997-12-10,424.979004,424.979004,412.384003,415.937012,415.924683,0
1997-12-11,415.497986,415.497986,393.192993,396.108002,396.096222,0
1997-12-12,395.320007,395.320007,358.253998,365.852997,365.842133,0
1997-12-15,365.416992,365.416992,335.694000,339.536011,339.525909,0
1997-12-16,340.744995,356.385010,340.744995,356.385010,356.374420,0
1997-12-17,360.197998,374.106995,360.197998,368.684998,368.674042,0
1997-12-18,372.470001,379.872986,372.470001,378.385986,378.374756,0
1997-12-19,377.960999,381.661011,372.054993,378.795990,378.784760,0
1997-12-22,378.795990,385.848999,376.100006,385.848999,385.837555,0
1997-12-23,385.665009,397.031006,385.665009,397.031006,397.019226,0
1997-12-24,397.304993,400.933014,391.128998,396.531006,396.519226,0
1997-12-25,null,null,null,null,null,null
1997-12-26,null,null,null,null,null,null
1997-12-29,396.790009,401.915985,394.911987,398.014008,398.002197,0
1997-12-30,399.507996,401.712006,392.229004,401.712006,401.700073,0
1997-12-31,null,null,null,null,null,null
1998-01-01,null,null,null,null,null,null
1998-01-02,402.104004,410.010986,400.751007,410.010986,409.998810,0
1998-01-05,410.010986,415.324005,407.252991,410.829987,410.817780,0
1998-01-06,409.816986,409.816986,397.855988,402.265015,402.253082,0
1998-01-07,401.760010,401.760010,382.933014,394.239014,394.227295,0
1998-01-08,393.914001,393.914001,321.078003,347.108002,347.097687,0
1998-01-09,346.470001,362.786987,337.591003,342.970001,342.959808,0
1998-01-12,342.970001,353.786987,342.970001,350.237000,350.226593,0
1998-01-13,356.421997,382.136993,356.421997,382.136993,382.125641,0
1998-01-14,382.927002,403.980988,382.927002,403.980988,403.968994,0
1998-01-15,406.428009,415.609009,380.890991,387.243011,387.231506,0
1998-01-16,388.665009,413.920013,385.222992,413.920013,413.907745,0
1998-01-19,416.442993,443.317993,416.442993,439.028015,439.014984,0
1998-01-20,437.493988,448.039001,425.515015,448.039001,448.025696,0
1998-01-21,451.790009,471.191986,451.790009,466.002991,465.989166,0
1998-01-22,467.227997,468.699005,436.841003,443.528992,443.515808,0
1998-01-23,445.398010,450.984009,438.371002,450.984009,450.970612,0
1998-01-26,456.299011,477.105011,456.299011,473.686005,473.671936,0
1998-01-27,473.904999,486.893005,473.904999,476.311005,476.296875,0
1998-01-28,476.450989,485.937988,462.839996,485.937988,485.923553,0
1998-01-29,null,null,null,null,null,null
1998-01-30,null,null,null,null,null,null
1998-02-02,486.023010,554.106995,486.023010,554.106995,554.090515,0
1998-02-03,555.249023,570.052002,527.017029,536.789978,536.774048,0
1998-02-04,536.573975,536.573975,514.893982,519.929016,519.913574,0
1998-02-05,519.929016,520.695984,503.200012,513.489014,513.473816,0
1998-02-06,514.908997,535.534973,514.908997,535.429016,535.413147,0
1998-02-09,536.036011,544.218994,523.976013,529.255981,529.240234,0
1998-02-10,524.752014,524.754028,514.370972,517.700989,517.685608,0
1998-02-11,517.289978,519.622009,476.993011,487.609985,487.595490,0
1998-02-12,487.493988,487.493988,437.980988,442.289001,442.275879,0
1998-02-13,445.804993,457.028015,442.182007,448.157990,448.144684,0
1998-02-16,458.272003,462.074005,453.554993,457.708008,457.694427,0
1998-02-17,459.391998,472.209015,459.391998,472.209015,472.195007,0
1998-02-18,472.216003,479.764008,469.390991,472.678986,472.664978,0
1998-02-19,473.247009,500.613007,473.247009,496.252014,496.237305,0
1998-02-20,496.527008,496.967987,490.200989,495.231995,495.217285,0
1998-02-23,494.821014,507.102997,494.821014,505.035004,505.020020,0
1998-02-24,506.196014,507.710999,492.148987,494.890015,494.875305,0
1998-02-25,495.069000,495.069000,481.199005,483.411011,483.396667,0
1998-02-26,482.976990,491.032013,481.076996,483.807007,483.792633,0
1998-02-27,484.118011,484.132996,475.373993,482.377991,482.363678,0
1998-03-02,482.377991,496.729004,482.377991,496.729004,496.714264,0
1998-03-03,505.188995,518.685974,505.188995,518.685974,518.670593,0
1998-03-04,519.812988,519.812988,499.721985,502.911011,502.896088,0
1998-03-05,502.862000,516.489014,492.290009,516.489014,516.473694,0
1998-03-06,521.062012,532.598022,510.188995,512.231018,512.215820,0
1998-03-09,521.078003,521.078003,492.636993,495.813995,495.799286,0
1998-03-10,498.231995,498.808014,487.730011,490.476013,490.461456,0
1998-03-11,491.408997,492.660004,482.682007,491.872986,491.858398,0
1998-03-12,493.240997,501.492004,493.084015,498.184998,498.170227,0
1998-03-13,499.877014,506.733002,499.877014,506.733002,506.717957,0
1998-03-16,507.576996,510.786011,503.223999,510.786011,510.770874,0
1998-03-17,511.091003,513.096008,507.455994,512.140015,512.124817,0
1998-03-18,512.223999,512.838989,499.143005,504.003998,503.989014,0
1998-03-19,503.303009,504.183014,499.556000,504.147003,504.132019,0
1998-03-20,503.097992,516.731018,503.097992,516.731018,516.715698,0
1998-03-23,516.922974,526.479980,511.184998,516.317993,516.302673,0
1998-03-24,516.450989,516.450989,499.579010,501.660004,501.645111,0
1998-03-25,501.660004,504.095001,493.005005,504.095001,504.080017,0
1998-03-26,504.752991,533.955017,504.752991,532.812012,532.796204,0
1998-03-27,533.565979,550.268982,533.565979,542.098022,542.081970,0
1998-03-30,544.187988,545.473022,534.276001,541.424988,541.408936,0
1998-03-31,null,null,null,null,null,null
1998-04-01,543.099976,546.676025,520.877014,523.947998,523.932434,0
1998-04-02,523.973022,524.133972,513.737000,516.403015,516.387695,0
1998-04-03,516.382996,533.745972,516.382996,533.299988,533.284119,0
1998-04-06,533.489014,533.489014,523.369019,526.140991,526.125366,0
1998-04-07,null,null,null,null,null,null
1998-04-08,525.851990,538.080994,525.851990,530.036011,530.020264,0
1998-04-09,530.804993,532.219971,524.104980,527.585022,527.569397,0
1998-04-10,null,null,null,null,null,null
1998-04-13,527.848022,533.536987,523.028015,524.064026,524.048462,0
1998-04-14,524.174988,525.919006,514.182983,516.101013,516.085693,0
1998-04-15,516.148010,518.723999,512.534973,513.445007,513.429810,0
1998-04-16,513.487976,517.434021,508.572998,510.067993,510.052856,0
1998-04-17,510.020996,510.470001,505.493988,507.902008,507.886932,0
1998-04-20,507.976990,510.248993,505.484009,508.156006,508.140930,0
1998-04-21,508.373993,508.373993,495.692993,497.707001,497.692230,0
1998-04-22,497.782013,502.035004,497.246002,500.640991,500.626129,0
1998-04-23,500.710999,501.312012,489.542999,491.855988,491.841400,0
1998-04-24,491.868011,491.868011,487.683014,490.480988,490.466431,0
1998-04-27,490.640015,490.727997,482.016998,485.640991,485.626556,0
1998-04-28,490.640015,490.727997,482.016998,485.640991,485.626556,0
1998-04-29,485.312988,485.369995,461.696991,465.247009,465.233215,0
1998-04-30,466.367004,466.802002,456.039001,460.135010,460.121338,0
1998-05-01,460.114990,460.114990,446.579010,448.524994,448.511688,0
1998-05-04,448.515015,451.920990,443.018005,445.993988,445.980743,0
1998-05-05,446.006989,447.023010,431.080994,435.160004,435.147095,0
1998-05-06,434.852997,434.852997,408.131012,414.625000,414.612671,0
1998-05-07,417.541992,436.778015,416.695007,436.778015,436.765045,0
1998-05-08,436.242004,440.467987,431.658997,434.654999,434.642090,0
1998-05-11,null,null,null,null,null,null
1998-05-12,434.795990,434.795990,425.446991,430.526001,430.513245,0
1998-05-13,430.441010,430.441010,393.364014,402.057007,402.045074,0
1998-05-14,402.057007,412.516998,400.933990,403.699005,403.687012,0
1998-05-15,403.699005,406.156006,403.699005,405.937012,405.924957,0
1998-05-18,405.658997,405.658997,384.096985,388.917999,388.906433,0
1998-05-19,388.901001,414.182007,387.007996,413.824005,413.811737,0
1998-05-20,413.824005,424.562012,412.502014,424.006012,423.993408,0
1998-05-21,null,null,null,null,null,null
1998-05-22,426.321991,445.143005,426.321991,445.143005,445.129791,0
1998-05-25,445.433014,448.210999,435.553986,439.554993,439.541962,0
1998-05-26,439.615997,440.760986,430.001007,434.058990,434.046112,0
1998-05-27,433.864014,433.864014,412.186005,416.967010,416.954620,0
1998-05-28,416.376007,417.806000,407.975006,414.220001,414.207703,0
1998-05-29,417.528992,421.277008,416.029999,420.464996,420.452515,0
1998-06-01,420.230988,420.230988,409.529999,414.079010,414.066742,0
1998-06-02,414.079010,414.278992,396.332001,399.598999,399.587128,0
1998-06-03,399.427002,400.026001,384.713013,392.608002,392.596344,0
1998-06-04,393.347992,406.330994,389.765015,406.330994,406.318939,0
1998-06-05,407.785004,415.725006,405.589996,409.515991,409.503845,0
1998-06-08,413.457001,413.457001,405.139008,409.419006,409.406860,0
1998-06-09,409.654999,411.071991,405.822998,411.071991,411.059784,0
1998-06-10,411.125000,412.584015,404.381989,408.079987,408.067871,0
1998-06-11,411.481995,411.760010,403.131012,411.544006,411.531799,0
1998-06-12,411.325012,416.390015,407.286011,408.372009,408.359894,0
1998-06-15,407.596985,413.380005,401.639008,406.501007,406.488953,0
1998-06-16,406.501007,406.501007,396.842010,399.511993,399.500153,0
1998-06-17,399.539001,419.441986,399.539001,419.441986,419.429535,0
1998-06-18,419.795013,440.092987,419.795013,440.092987,440.079926,0
1998-06-19,440.401001,441.022003,421.562988,425.453003,425.440369,0
1998-06-22,425.453003,426.457001,417.355988,420.658997,420.646515,0
1998-06-23,420.589996,425.016998,419.895996,423.084991,423.072449,0
1998-06-24,423.140015,431.522003,422.924011,430.959991,430.947205,0
1998-06-25,433.184998,433.406006,426.757996,428.809998,428.797241,0
1998-06-26,429.122009,433.294006,427.037994,430.869995,430.857208,0
1998-06-29,430.869995,432.453003,426.596008,431.230988,431.218170,0
1998-06-30,431.708008,445.920013,427.018005,445.920013,445.906769,0
1998-07-01,445.164001,457.209991,441.811005,456.540985,456.527435,0
1998-07-02,458.466003,466.372986,458.466003,466.372986,466.359131,0
1998-07-03,466.416992,470.545013,457.515991,470.545013,470.531067,0
1998-07-06,null,null,null,null,null,null
1998-07-07,470.763000,490.634003,470.763000,483.945007,483.930634,0
1998-07-08,484.188995,486.660004,472.268005,472.980011,472.965973,0
1998-07-09,472.872009,474.023987,468.566010,470.321014,470.307068,0
1998-07-10,470.113007,470.113007,461.028015,463.580994,463.567230,0
1998-07-13,464.024994,464.643005,456.088989,459.673004,459.659363,0
1998-07-14,460.279999,464.506989,460.279999,463.873993,463.860199,0
1998-07-15,464.350006,472.263000,464.350006,467.338989,467.325104,0
1998-07-16,471.459991,475.384003,470.798004,473.772003,473.757935,0
1998-07-17,474.299988,486.234009,474.299988,486.234009,486.219574,0
1998-07-20,486.251007,488.684998,476.263000,486.234009,486.219574,0
1998-07-21,488.421997,489.135986,484.136993,488.239014,488.224518,0
1998-07-22,489.197998,492.220001,480.648987,483.054993,483.040649,0
1998-07-23,482.535004,484.096985,471.204987,473.804993,473.790924,0
1998-07-24,473.983002,479.562988,470.497986,479.562988,479.548767,0
1998-07-27,479.709991,482.980988,478.183990,482.980988,482.966644,0
1998-07-28,482.817993,486.782990,481.622009,483.531006,483.516663,0
1998-07-29,483.751007,487.074005,481.725006,485.096008,485.081604,0
1998-07-30,485.251007,485.251007,480.011993,482.687988,482.673645,0
1998-07-31,482.932007,486.140991,479.502991,481.717010,481.702728,0
1998-08-03,481.786011,482.339996,472.545013,475.257996,475.243896,0
1998-08-04,475.257996,475.257996,457.816986,461.350006,461.336334,0
1998-08-05,461.350006,461.350006,439.725006,441.783997,441.770874,0
1998-08-06,441.790009,446.661011,432.699005,433.833008,433.820129,0
1998-08-07,434.173004,434.173004,422.365997,423.613007,423.600433,0
1998-08-10,423.613007,423.880005,418.239014,421.166992,421.154510,0
1998-08-11,421.166992,421.166992,405.212006,407.063995,407.051910,0
1998-08-12,406.891998,412.173004,402.226990,408.635010,408.622894,0
1998-08-13,408.907013,413.390991,401.273987,402.941010,402.929047,0
1998-08-14,402.941010,414.707001,400.716003,414.630005,414.617676,0
1998-08-17,402.941010,414.707001,400.716003,414.630005,414.617676,0
1998-08-18,414.977997,416.263000,402.200989,403.855011,403.843018,0
1998-08-19,404.842010,409.042999,402.304993,405.890015,405.877960,0
1998-08-20,406.266998,406.266998,394.446014,399.329987,399.318146,0
1998-08-21,399.084991,399.084991,387.062988,388.345001,388.333496,0
1998-08-24,386.890015,386.890015,368.480011,370.545013,370.533997,0
1998-08-25,370.898987,374.157013,363.162994,367.143005,367.132111,0
1998-08-26,367.287994,371.993011,360.559998,360.927002,360.916290,0
1998-08-27,360.454987,361.566986,351.816986,354.945007,354.934479,0
1998-08-28,354.101990,354.101990,337.023987,339.020996,339.010956,0
1998-08-31,337.572998,342.436005,323.242004,342.436005,342.425842,0
1998-09-01,342.082001,342.082001,324.304993,325.854004,325.844330,0
1998-09-02,330.417999,334.556000,327.692993,329.625000,329.615234,0
1998-09-03,329.476013,336.191010,328.657013,334.787994,334.778046,0
1998-09-04,331.959991,333.005005,322.147003,325.556000,325.546326,0
1998-09-07,325.993988,336.294006,325.993988,335.809998,335.800018,0
1998-09-08,335.648010,339.446991,328.803986,330.412994,330.403168,0
1998-09-09,333.307007,333.307007,320.790985,325.761993,325.752319,0
1998-09-10,325.539001,328.669006,322.928986,327.270996,327.261292,0
1998-09-11,325.201996,326.678986,319.799011,324.040009,324.030396,0
1998-09-14,324.296997,326.281006,316.510010,320.595001,320.585480,0
1998-09-15,320.558014,322.209015,291.505005,292.153015,292.144348,0
1998-09-16,293.196014,299.795990,285.927002,290.915985,290.907349,0
1998-09-17,290.989014,293.096985,283.153992,285.475006,285.466522,0
1998-09-18,284.923004,284.923004,268.398010,271.670990,271.662903,0
1998-09-21,271.670990,273.554993,255.464005,256.834015,256.826416,0
1998-09-22,257.523987,261.981995,255.574997,260.876007,260.868256,0
1998-09-23,262.050995,266.290985,259.067993,262.250000,262.242218,0
1998-09-24,262.250000,282.160004,262.250000,282.160004,282.151642,0
1998-09-25,278.894012,278.894012,269.756989,275.223999,275.215820,0
1998-09-28,275.342010,278.570007,272.881012,275.001007,274.992859,0
1998-09-29,274.442993,276.566986,272.415985,274.007996,273.999847,0
1998-09-30,276.066986,278.949005,273.558990,276.149994,276.141785,0
1998-10-01,276.588013,276.834015,272.191010,273.868011,273.859863,0
1998-10-02,273.941010,273.941010,260.907990,263.229004,263.221191,0
1998-10-05,264.882996,268.227997,259.614990,261.313995,261.306244,0
1998-10-06,261.313995,261.313995,255.973999,258.105988,258.098328,0
1998-10-07,258.175995,267.834991,258.175995,266.170013,266.162109,0
1998-10-08,265.476013,290.022003,265.476013,288.549988,288.541412,0
1998-10-09,288.566010,311.959991,288.566010,304.839996,304.830933,0
1998-10-12,304.890015,312.011993,304.890015,307.416992,307.407867,0
1998-10-13,309.003998,313.985992,306.790985,313.985992,313.976654,0
1998-10-14,311.972992,311.972992,301.214996,303.190002,303.181000,0
1998-10-15,303.381012,307.252991,303.091003,304.846985,304.837921,0
1998-10-16,311.489014,337.587006,311.489014,337.587006,337.576965,0
1998-10-19,338.138000,351.131989,331.084991,336.417999,336.408020,0
1998-10-20,339.196991,340.834991,327.695007,336.575989,336.566010,0
1998-10-21,337.431000,337.431000,321.619995,322.321014,322.311462,0
1998-10-22,322.321014,324.451996,316.795013,316.795013,316.785614,0
1998-10-23,316.795013,317.121002,308.976013,313.415009,313.405731,0
1998-10-26,312.864014,315.311005,310.789001,315.311005,315.301666,0
1998-10-27,315.381012,318.987000,313.399994,318.101013,318.091583,0
1998-10-28,318.173004,322.411987,310.639008,312.290009,312.280731,0
1998-10-29,312.450989,312.450989,304.105011,309.411987,309.402802,0
1998-10-30,310.054993,310.933014,299.868011,300.769989,300.761078,0
1998-11-02,301.203003,308.367004,301.203003,307.197998,307.188873,0
1998-11-03,310.528015,319.084015,310.528015,317.182007,317.172607,0
1998-11-04,317.263000,330.563995,316.871002,330.459015,330.449188,0
1998-11-05,335.377991,371.429993,335.377991,355.528015,355.517487,0
1998-11-06,358.126007,363.615997,349.148010,353.977997,353.967468,0
1998-11-09,353.479004,373.571991,353.479004,364.393005,364.382202,0
1998-11-10,364.302002,365.216003,354.997986,357.303986,357.293396,0
1998-11-11,357.303986,363.617004,354.976013,363.006989,362.996185,0
1998-11-12,363.006989,371.808990,355.063995,357.976013,357.965393,0
1998-11-13,357.976013,359.494995,354.545013,355.540009,355.529480,0
1998-11-16,355.540009,360.653015,353.066010,356.226013,356.215424,0
1998-11-17,null,null,null,null,null,null
1998-11-18,356.636993,372.182007,356.636993,369.993988,369.983002,0
1998-11-19,370.131012,379.118988,370.131012,379.118988,379.107758,0
1998-11-20,381.320007,403.652008,381.320007,403.652008,403.640015,0
1998-11-23,403.636993,427.428986,403.636993,424.987000,424.974396,0
1998-11-24,425.000000,436.794006,417.664001,420.079987,420.067505,0
1998-11-25,419.346008,419.346008,386.010986,387.382996,387.371490,0
1998-11-26,387.382996,398.053009,385.018005,394.678009,394.666290,0
1998-11-27,395.105011,395.342010,388.420990,392.320007,392.308350,0
1998-11-30,392.320007,395.615997,385.924988,386.270996,386.259552,0
1998-12-01,385.920990,387.734985,373.993988,387.734985,387.723480,0
1998-12-02,387.734985,399.595001,387.734985,396.963989,396.952209,0
1998-12-03,395.889008,397.363007,391.148987,393.795013,393.783325,0
1998-12-04,393.263000,393.263000,388.106995,390.394989,390.383423,0
1998-12-07,390.910004,400.609985,390.910004,399.459991,399.448151,0
1998-12-08,399.480011,402.621002,398.118988,398.901001,398.889160,0
1998-12-09,400.191986,402.446014,396.355011,398.782990,398.771149,0
1998-12-10,399.330994,403.743011,398.134003,403.667999,403.656006,0
1998-12-11,403.602997,406.369995,399.298004,405.595001,405.582947,0
1998-12-14,405.645996,411.171997,402.442993,404.703003,404.691010,0
1998-12-15,404.735992,404.735992,399.125000,400.765015,400.753113,0
1998-12-16,400.765015,414.498993,400.765015,412.694000,412.681732,0
1998-12-17,412.694000,412.919006,404.653992,405.584015,405.571960,0
1998-12-18,405.528992,407.272003,401.903992,403.962006,403.950012,0
1998-12-21,403.977997,406.317993,400.468994,404.502991,404.490997,0
1998-12-22,404.424988,409.286011,403.630005,406.464996,406.452942,0
1998-12-23,405.658997,405.658997,398.110992,400.519012,400.507111,0
1998-12-24,400.519012,404.855011,399.144012,401.855011,401.843079,0
1998-12-25,null,null,null,null,null,null
1998-12-28,401.881012,402.505005,395.385986,400.175995,400.164124,0
1998-12-29,400.191986,401.131989,393.821991,396.733002,396.721222,0
1998-12-30,396.915985,398.037994,390.084015,398.037994,398.026184,0
1998-12-31,null,null,null,null,null,null
1999-01-01,null,null,null,null,null,null
1999-01-04,393.963989,395.606995,391.244995,394.464996,394.453278,0
1999-01-05,394.498993,408.703003,393.026001,408.703003,408.690857,0
1999-01-06,411.795990,427.079987,411.795990,427.079987,427.067291,0
1999-01-07,433.536011,462.121002,433.536011,457.940002,457.926422,0
1999-01-08,458.605011,458.605011,437.789001,439.493988,439.480957,0
1999-01-11,441.552002,443.756012,435.197998,437.295990,437.283020,0
1999-01-12,438.044006,442.700012,433.033997,436.190002,436.177032,0
1999-01-13,436.098999,436.098999,414.927002,419.104004,419.091583,0
1999-01-14,418.891998,418.891998,399.868011,408.553986,408.541870,0
1999-01-15,406.936005,406.936005,398.484985,402.402008,402.390076,0
1999-01-18,null,null,null,null,null,null
1999-01-19,null,null,null,null,null,null
1999-01-20,null,null,null,null,null,null
1999-01-21,null,null,null,null,null,null
1999-01-22,null,null,null,null,null,null
1999-01-25,402.402008,403.537994,376.303009,382.477997,382.466644,0
1999-01-26,383.773987,398.152008,383.773987,398.152008,398.140167,0
1999-01-27,400.230011,410.250000,400.230011,410.250000,410.237823,0
1999-01-28,409.967987,410.829987,405.817993,407.270996,407.258911,0
1999-01-29,407.584015,415.411011,407.584015,411.932007,411.919800,0
1999-02-01,412.209015,417.764008,407.677002,409.112000,409.099854,0
1999-02-02,408.915009,409.201996,402.558990,405.164001,405.151947,0
1999-02-03,405.428009,410.556000,401.963989,410.556000,410.543793,0
1999-02-04,410.556000,414.588013,405.712006,409.022003,409.009857,0
1999-02-05,409.022003,409.904999,405.553009,405.553009,405.540955,0
1999-02-08,405.890015,407.449005,395.649994,399.690002,399.678131,0
1999-02-09,400.500000,402.825989,397.872986,402.825989,402.814026,0
1999-02-10,403.612000,403.612000,397.457001,398.681000,398.669159,0
1999-02-11,401.127991,406.470001,400.023987,402.648010,402.636078,0
1999-02-12,402.648010,406.640991,395.946014,400.552002,400.540100,0
1999-02-15,400.552002,400.703003,394.428009,396.924011,396.912231,0
1999-02-16,396.924011,398.878998,396.431000,398.847992,398.836151,0
1999-02-17,398.847992,400.071991,397.061005,397.975006,397.963196,0
1999-02-18,397.975006,403.414001,397.018005,403.414001,403.402008,0
1999-02-19,403.654999,407.963013,402.954987,404.018005,404.006012,0
1999-02-22,404.309998,404.997009,397.697998,398.670013,398.658173,0
1999-02-23,400.216003,402.527008,394.790985,397.934998,397.923187,0
1999-02-24,397.894012,402.533997,397.300995,401.997986,401.986053,0
1999-02-25,401.997986,401.997986,395.764008,397.803009,397.791199,0
1999-02-26,398.087006,398.087006,393.208008,396.088989,396.077209,0
1999-03-01,396.048004,396.949005,394.286987,396.325012,396.313232,0
1999-03-02,396.772003,397.751007,394.127991,394.966003,394.954285,0
1999-03-03,395.345001,399.303009,393.057007,395.807007,395.795258,0
1999-03-04,396.424011,396.625000,392.968994,394.153992,394.142273,0
1999-03-05,394.971008,395.325012,386.417999,388.678986,388.667450,0
1999-03-08,388.910004,391.515991,382.036987,384.567993,384.556580,0
1999-03-09,384.832001,385.257996,377.997009,379.420990,379.409729,0
1999-03-10,379.619995,379.869995,370.643005,373.802002,373.790924,0
1999-03-11,374.066010,378.644012,371.798004,378.644012,378.632782,0
1999-03-12,378.390015,379.063995,374.230011,375.937012,375.925842,0
1999-03-15,374.260986,377.437988,371.102997,372.317993,372.306915,0
1999-03-16,374.286011,379.453003,372.278015,379.453003,379.441711,0
1999-03-17,379.223999,387.881012,379.223999,387.881012,387.869507,0
1999-03-18,null,null,null,null,null,null
1999-03-19,390.309998,394.217010,390.309998,394.217010,394.205292,0
1999-03-22,394.250000,394.250000,390.346985,392.282990,392.271332,0
1999-03-23,392.039001,394.808990,389.102997,394.808990,394.797272,0
1999-03-24,394.643005,394.643005,389.072998,391.345001,391.333374,0
1999-03-25,391.098999,395.829010,389.854004,395.829010,395.817261,0
1999-03-26,396.027008,398.425995,391.678009,392.947998,392.936340,0
1999-03-29,392.931000,392.931000,389.863007,392.862000,392.850342,0
1999-03-30,393.315002,394.980988,392.225006,393.625000,393.613312,0
1999-03-31,null,null,null,null,null,null
1999-04-01,393.625000,397.016998,392.033997,394.433014,394.421295,0
1999-04-02,null,null,null,null,null,null
1999-04-05,394.434998,406.497986,393.638000,395.337006,395.325287,0
1999-04-06,395.364014,395.606995,393.975006,395.513000,395.501282,0
1999-04-07,395.513000,398.190002,395.255005,395.911011,395.899231,0
1999-04-08,395.954987,400.002014,395.954987,400.002014,399.990143,0
1999-04-09,400.002014,421.213013,400.002014,421.213013,421.200531,0
1999-04-12,421.213013,428.792999,421.149994,421.149994,421.137512,0
1999-04-13,421.149994,435.566986,421.149994,432.518005,432.505157,0
1999-04-14,432.804993,435.859985,427.329987,435.556000,435.543091,0
1999-04-15,435.644012,448.130005,434.123993,447.479004,447.465698,0
1999-04-16,447.467987,486.989990,447.467987,479.532013,479.517792,0
1999-04-19,480.957001,528.546997,480.957001,508.147003,508.131927,0
1999-04-20,507.989014,507.989014,477.920013,485.970001,485.955566,0
1999-04-21,485.970001,494.832001,477.988007,480.625000,480.610718,0
1999-04-22,480.734009,488.937012,477.040985,479.242004,479.227783,0
1999-04-23,480.282990,483.981995,473.212006,473.587006,473.572937,0
1999-04-26,473.587006,476.782990,468.931000,470.406006,470.392059,0
1999-04-27,470.631989,470.714996,466.786987,469.204987,469.191040,0
1999-04-28,469.670013,483.872009,469.670013,481.343994,481.329712,0
1999-04-29,482.062012,495.316986,481.419006,490.989990,490.975403,0
1999-04-30,490.989990,505.619995,490.989990,495.221985,495.207275,0
1999-05-03,495.191986,523.357971,495.191986,523.357971,523.342468,0
1999-05-04,531.112976,559.564026,531.112976,548.241028,548.224731,0
1999-05-05,548.174011,565.619019,544.432007,563.840027,563.823303,0
1999-05-06,564.838989,591.838989,564.838989,580.905029,580.887756,0
1999-05-07,586.593018,588.239014,566.492004,575.117981,575.100952,0
1999-05-10,575.083984,581.898010,567.536011,574.354980,574.337952,0
1999-05-11,574.075012,577.083008,569.861023,573.229980,573.212952,0
1999-05-12,573.481995,577.588989,561.177979,576.504028,576.486877,0
1999-05-13,null,null,null,null,null,null
1999-05-14,576.708984,598.208984,576.708984,591.633972,591.616394,0
1999-05-17,591.690002,592.270996,583.252991,590.799988,590.782410,0
1999-05-18,590.562988,591.382019,576.228027,577.885986,577.868835,0
1999-05-19,577.924011,593.604004,576.020020,593.604004,593.586426,0
1999-05-20,593.502991,608.273987,588.343994,594.052979,594.035400,0
1999-05-21,594.117981,595.348022,589.591003,591.664001,591.646423,0
1999-05-24,591.690979,615.919006,591.302979,613.640991,613.622742,0
1999-05-25,613.359009,626.093018,613.210999,619.877014,619.858643,0
1999-05-26,619.885986,620.208984,604.729004,605.786987,605.768982,0
1999-05-27,606.090027,613.270020,601.935974,603.116028,603.098145,0
1999-05-28,602.916016,602.916016,581.205017,583.648987,583.631653,0
1999-05-31,583.533997,593.331970,581.791016,585.242004,585.224609,0
1999-06-01,585.336975,586.861023,578.870972,583.257019,583.239746,0
1999-06-02,583.466003,584.379028,571.635010,574.315002,574.297974,0
1999-06-03,574.211975,587.568970,567.961975,587.568970,587.551514,0
1999-06-04,588.083984,613.140015,588.083984,612.377991,612.359863,0
1999-06-07,588.083984,613.140015,588.083984,612.377991,612.359863,0
1999-06-08,612.857971,700.817993,612.857971,686.947021,686.926636,0
1999-06-09,686.781982,689.659973,676.291016,678.969971,678.949768,0
1999-06-10,678.283020,678.283020,655.356018,664.568970,664.549255,0
1999-06-11,662.210999,673.091980,653.778992,668.281006,668.261169,0
1999-06-14,669.312988,689.718018,669.312988,679.448975,679.428772,0
1999-06-15,680.328979,687.968994,670.159973,670.159973,670.140076,0
1999-06-16,669.976013,677.804016,660.437012,661.851990,661.832336,0
1999-06-17,662.109009,683.564026,662.109009,681.039001,681.018799,0
1999-06-18,681.320984,707.883972,681.320984,707.883972,707.862915,0
1999-06-21,707.898010,718.077026,707.898010,716.460022,716.438721,0
1999-06-22,716.846008,720.049988,706.817017,710.682007,710.660950,0
1999-06-23,710.901978,711.101013,691.757996,700.669006,700.648193,0
1999-06-24,701.013977,704.659973,679.914001,682.119019,682.098755,0
1999-06-25,682.413025,682.413025,669.284973,673.155029,673.135071,0
1999-06-28,672.940979,683.106995,668.039001,672.127014,672.107056,0
1999-06-29,672.210999,686.390991,672.210999,680.560974,680.540771,0
1999-06-30,681.091003,690.142029,658.750000,662.025024,662.005371,0
1999-07-01,667.825989,679.632019,665.156982,673.041992,673.022034,0
1999-07-02,672.880005,677.385986,664.518005,670.538025,670.518127,0
1999-07-05,670.280029,678.494019,652.124023,665.143982,665.124207,0
1999-07-06,665.366028,685.099976,661.966003,681.586975,681.566772,0
1999-07-07,681.552979,690.267029,663.455017,665.770996,665.751221,0
1999-07-08,665.409973,667.521973,656.697998,660.254028,660.234375,0
1999-07-09,660.254028,663.262024,653.521973,656.643982,656.624451,0
1999-07-12,656.653992,670.088989,656.653992,663.124023,663.104370,0
1999-07-13,663.203979,664.518005,654.846985,656.187012,656.167542,0
1999-07-14,656.187012,665.317017,652.263977,664.882019,664.862244,0
1999-07-15,664.882019,666.987976,659.176025,660.541992,660.522339,0
1999-07-16,660.620972,664.788025,657.679016,662.367004,662.347351,0
1999-07-19,662.432983,668.041992,653.341980,658.270996,658.251465,0
1999-07-20,658.270996,659.338013,647.257019,649.861023,649.841736,0
1999-07-21,649.578003,649.578003,636.424988,641.106995,641.088013,0
1999-07-22,641.065979,646.169006,640.294006,642.655029,642.635925,0
1999-07-23,642.517029,642.517029,621.908997,625.830017,625.811462,0
1999-07-26,625.607971,625.607971,585.017029,592.721008,592.703430,0
1999-07-27,592.721008,592.721008,567.422974,573.216003,573.198975,0
1999-07-28,575.684998,599.257019,575.684998,599.257019,599.239197,0
1999-07-29,599.370972,620.705994,599.370972,616.427979,616.409668,0
1999-07-30,617.306030,617.306030,596.077026,597.874023,597.856323,0
1999-08-02,598.164001,604.117004,590.835999,596.513000,596.495300,0
1999-08-03,596.604980,618.986023,596.604980,618.986023,618.967651,0
1999-08-04,620.968018,622.690002,610.202026,614.395020,614.376770,0
1999-08-05,614.085999,614.085999,601.322021,606.270020,606.252014,0
1999-08-06,606.273987,613.392029,601.468994,607.835022,607.817017,0
1999-08-09,607.458984,607.658020,589.000000,594.109009,594.091431,0
1999-08-10,593.799011,593.799011,561.458008,576.343018,576.325867,0
1999-08-11,576.112976,576.190979,550.403015,554.263000,554.246521,0
1999-08-12,554.263000,565.807983,554.263000,565.218018,565.201233,0
1999-08-13,565.231018,567.625000,554.112976,557.708984,557.692444,0
1999-08-16,558.270996,568.979980,558.270996,560.481018,560.464417,0
1999-08-17,null,null,null,null,null,null
1999-08-18,559.880981,561.364990,554.125977,561.364990,561.348328,0
1999-08-19,561.445007,581.745972,560.023987,581.745972,581.728699,0
1999-08-20,583.109985,583.109985,573.650024,576.166992,576.149841,0
1999-08-23,576.166992,584.802979,576.166992,584.802979,584.785645,0
1999-08-24,585.841980,596.458008,582.976013,586.236023,586.218628,0
1999-08-25,586.150024,588.106018,581.286987,585.257019,585.239624,0
1999-08-26,585.656006,585.831970,577.624023,581.513000,581.495728,0
1999-08-27,579.718018,579.718018,569.474976,572.666992,572.649963,0
1999-08-30,572.413025,573.940002,563.653992,566.669983,566.653137,0
1999-08-31,566.523987,568.776001,558.856018,567.026001,567.009155,0
1999-09-01,567.026001,574.374023,566.731995,571.776001,571.759033,0
1999-09-02,571.174988,571.867004,567.635010,571.114990,571.098022,0
1999-09-03,571.200989,571.200989,559.736023,565.195984,565.179199,0
1999-09-06,565.234009,567.955017,538.802002,540.427002,540.410950,0
1999-09-07,540.260010,547.489990,528.072021,545.351013,545.334839,0
1999-09-08,544.481995,544.494995,514.859009,520.620972,520.605530,0
1999-09-09,519.020020,538.015015,503.597992,538.015015,537.999023,0
1999-09-10,542.073975,562.776001,542.073975,562.776001,562.759277,0
1999-09-13,565.304993,576.875977,565.304993,569.651978,569.635071,0
1999-09-14,569.161011,569.161011,559.804993,562.059021,562.042297,0
1999-09-15,562.059021,562.059021,544.656982,548.612000,548.595703,0
1999-09-16,548.127014,549.064026,539.005981,548.755981,548.739685,0
1999-09-17,548.125000,549.611023,543.942993,547.017029,547.000793,0
1999-09-20,546.671021,548.119019,541.336975,543.333008,543.316833,0
1999-09-21,543.333008,547.724976,542.690979,547.263977,547.247681,0
1999-09-22,547.039001,547.693970,542.354980,545.447998,545.431824,0
1999-09-23,545.447998,545.447998,525.228027,528.171997,528.156372,0
1999-09-24,526.166992,526.166992,505.720001,517.541992,517.526611,0
1999-09-27,518.898010,523.827026,512.129028,515.067017,515.051697,0
1999-09-28,515.616028,529.221008,515.616028,529.221008,529.205261,0
1999-09-29,529.223999,529.223999,523.723999,526.468994,526.453369,0
1999-09-30,526.302002,547.937012,526.302002,547.937012,547.920715,0
1999-10-01,548.335022,569.716003,548.335022,566.041992,566.025146,0
1999-10-04,570.776001,580.099976,552.151978,555.304016,555.287537,0
1999-10-05,555.374023,566.250977,555.317993,566.250977,566.234131,0
1999-10-06,566.648010,592.818970,566.416016,588.749023,588.731567,0
1999-10-07,589.208984,597.908020,581.786987,585.344971,585.327576,0
1999-10-08,584.827026,588.237000,576.872986,588.237000,588.219543,0
1999-10-11,587.857971,587.857971,581.890015,584.059998,584.042664,0
1999-10-12,583.804016,583.804016,566.091980,571.382019,571.365051,0
1999-10-13,570.924988,571.956970,556.476013,571.947021,571.930054,0
1999-10-14,571.713013,572.002014,564.976990,567.776978,567.760132,0
1999-10-15,567.776978,568.228027,559.818970,567.918030,567.901184,0
1999-10-18,567.843018,567.843018,550.219971,553.213013,553.196594,0
1999-10-19,553.940979,585.976013,553.940979,583.646973,583.629639,0
1999-10-20,584.208984,644.072998,569.380005,584.424988,584.407654,0
1999-10-21,584.114014,624.934998,584.114014,616.489990,616.471680,0
1999-10-22,628.348999,641.210022,600.252991,604.184021,604.166077,0
1999-10-25,604.184021,610.995972,592.213989,597.067993,597.050293,0
1999-10-26,598.393005,612.521973,589.906006,594.252991,594.235352,0
1999-10-27,593.997986,593.997986,574.353027,576.518982,576.501831,0
1999-10-28,576.518982,581.466980,572.471985,577.932007,577.914856,0
1999-10-29,580.237000,593.869019,580.237000,593.869019,593.851440,0
1999-11-01,594.703003,600.526978,592.343018,595.083984,595.066284,0
1999-11-02,595.083984,596.409973,591.632019,594.405029,594.387329,0
1999-11-03,594.405029,604.625977,594.405029,603.586975,603.569092,0
1999-11-04,602.919983,619.065979,602.919983,618.510010,618.491638,0
1999-11-05,619.093994,626.671997,615.991028,626.044006,626.025452,0
1999-11-08,626.007996,630.862000,625.958984,628.307007,628.288330,0
1999-11-09,628.205994,638.820007,628.205994,638.820007,638.801025,0
1999-11-10,637.859985,642.775024,635.083008,638.911987,638.893005,0
1999-11-11,638.448975,647.505981,636.664978,638.492004,638.473022,0
1999-11-12,638.726013,640.161987,630.125977,635.229980,635.211121,0
1999-11-15,635.193970,642.499023,633.974976,635.797974,635.779114,0
1999-11-16,635.901001,641.731018,635.809998,641.731018,641.711975,0
1999-11-17,642.148010,643.536987,638.226013,641.474976,641.455933,0
1999-11-18,639.263000,642.051025,634.348999,636.619019,636.600098,0
1999-11-19,636.684021,642.197998,629.669006,633.312012,633.293213,0
1999-11-22,633.346008,634.841003,624.955017,630.169983,630.151306,0
1999-11-23,630.169983,630.357971,614.164001,618.448975,618.430603,0
1999-11-24,617.270020,617.270020,595.622009,599.723022,599.705200,0
1999-11-25,599.723022,599.723022,582.289978,588.659973,588.642517,0
1999-11-26,588.429016,599.632996,588.088013,596.354980,596.337280,0
1999-11-29,596.349976,596.953003,579.434998,582.817993,582.800720,0
1999-11-30,582.958008,583.799988,571.138000,583.799988,583.782654,0
1999-12-01,583.234009,597.541016,583.234009,597.541016,597.523315,0
1999-12-02,598.982971,602.606018,594.565979,598.408997,598.391235,0
1999-12-03,598.708008,613.484985,594.913025,613.484985,613.466736,0
1999-12-06,615.101990,626.528992,615.068970,624.385986,624.367432,0
1999-12-07,624.385986,631.479004,618.750977,621.648987,621.630554,0
1999-12-08,621.104980,621.304016,617.140015,620.976990,620.958557,0
1999-12-09,620.960022,631.552979,620.421021,631.552979,631.534241,0
1999-12-10,632.958008,639.818970,631.041992,633.838989,633.820190,0
1999-12-13,634.431030,639.697021,626.633972,630.554993,630.536316,0
1999-12-14,631.013000,648.393982,630.681030,648.393982,648.374756,0
1999-12-15,650.317993,656.773987,649.083984,652.383972,652.364624,0
1999-12-16,652.515991,653.812012,643.364990,646.505981,646.486755,0
1999-12-17,646.392029,646.392029,636.294983,638.822021,638.803040,0
1999-12-20,637.896973,646.059021,633.620972,646.059021,646.039795,0
1999-12-21,646.075989,656.888000,645.367981,656.888000,656.868469,0
1999-12-22,657.187988,662.911987,657.187988,661.054016,661.034363,0
1999-12-23,662.947998,666.132996,660.510986,666.132996,666.113220,0
1999-12-24,null,null,null,null,null,null
1999-12-27,666.880981,693.533020,666.880981,681.380981,681.360779,0
1999-12-28,682.809021,684.681030,673.547974,677.218018,677.197937,0
1999-12-29,677.530029,678.844971,672.127014,674.880005,674.859924,0
1999-12-30,675.133972,678.786987,673.948975,676.919006,676.898926,0
1999-12-31,null,null,null,null,null,null
2000-01-03,null,null,null,null,null,null
2000-01-04,677.473999,704.031982,677.473999,700.218018,700.197266,0
2000-01-05,694.859009,694.859009,674.336975,678.086975,678.066895,0
2000-01-06,681.297974,691.887024,681.297974,688.520996,688.500549,0
2000-01-07,null,null,null,null,null,null
2000-01-10,null,null,null,null,null,null
2000-01-11,691.924011,704.541992,691.924011,696.002991,695.982361,0
2000-01-12,696.293030,698.145020,686.705017,690.164001,690.143494,0
2000-01-13,690.793030,699.674988,688.401978,691.609985,691.589478,0
2000-01-14,691.806030,694.085022,683.700989,690.892029,690.871521,0
2000-01-17,691.604004,707.469971,691.604004,703.482971,703.462097,0
2000-01-18,703.799011,704.348999,681.489014,685.716003,685.695618,0
2000-01-19,685.916016,685.916016,652.039978,655.994995,655.975525,0
2000-01-20,656.414001,673.908020,656.414001,670.153015,670.133118,0
2000-01-21,670.283020,670.905029,662.932007,664.693970,664.674194,0
2000-01-24,664.693970,668.976013,653.549988,656.721985,656.702454,0
2000-01-25,656.169983,656.169983,645.473022,649.857971,649.838684,0
2000-01-26,649.674011,656.715027,640.239014,643.385010,643.365906,0
2000-01-27,643.632996,650.068970,633.812988,644.651001,644.631897,0
2000-01-28,645.299988,646.276001,633.271973,634.669006,634.650146,0
2000-01-31,634.502991,636.372009,626.296997,636.372009,636.353149,0
2000-02-01,636.760986,638.375977,613.530029,616.856018,616.837708,0
2000-02-02,617.104004,621.723022,601.456970,603.575989,603.558105,0
2000-02-03,603.051025,615.013977,600.156006,614.309998,614.291748,0
2000-02-04,614.309998,634.997986,614.309998,634.997986,634.979126,0
2000-02-07,635.341003,641.166992,631.974976,636.427979,636.409119,0
2000-02-08,637.955017,639.752014,627.203979,629.900024,629.881348,0
2000-02-09,631.426025,632.450989,626.085999,632.450989,632.432190,0
2000-02-10,631.408020,642.138000,630.025024,639.252991,639.234009,0
2000-02-11,639.051025,640.934021,630.653992,635.078003,635.059143,0
2000-02-14,634.624023,638.091003,632.096985,633.715027,633.696228,0
2000-02-15,634.674988,641.606018,634.674988,636.895020,636.876099,0
2000-02-16,637.283020,637.283020,618.903015,621.901978,621.883545,0
2000-02-17,621.323975,623.703003,595.116028,600.174011,600.156189,0
2000-02-18,600.057007,604.575012,577.958984,599.572998,599.555176,0
2000-02-21,599.572998,599.572998,589.768982,592.987976,592.970398,0
2000-02-22,593.052002,596.114014,580.517029,583.419983,583.402649,0
2000-02-23,583.551025,591.786011,580.841980,584.427979,584.410645,0
2000-02-24,584.687988,587.281982,570.979980,573.487000,573.469971,0
2000-02-25,573.781982,575.664001,565.346985,568.554993,568.538147,0
2000-02-28,568.166016,579.492004,567.151978,576.541992,576.524841,0
2000-02-29,null,null,null,null,null,null
2000-03-01,577.786011,581.932983,561.713989,565.478027,565.461243,0
2000-03-02,565.481018,565.481018,543.281006,546.528015,546.511841,0
2000-03-03,547.328979,548.552979,528.203979,548.552979,548.536682,0
2000-03-06,549.453979,571.568970,549.453979,566.710022,566.693176,0
2000-03-07,565.948975,565.948975,555.452026,562.758972,562.742249,0
2000-03-08,562.177979,571.109009,552.005005,570.052002,570.035095,0
2000-03-09,570.525024,589.822021,570.525024,585.179993,585.162598,0
2000-03-10,587.088013,598.039001,587.088013,596.182007,596.164307,0
2000-03-13,596.182007,599.822021,583.578979,587.575989,587.558533,0
2000-03-14,587.844971,590.184998,580.853027,585.921021,585.903625,0
2000-03-15,585.622986,587.658997,579.627991,586.869019,586.851624,0
2000-03-16,null,null,null,null,null,null
2000-03-17,588.317017,598.409973,587.580017,590.851990,590.834412,0
2000-03-20,590.713013,590.713013,581.327026,584.875977,584.858582,0
2000-03-21,584.789001,585.005981,575.401001,578.965027,578.947876,0
2000-03-22,579.575012,586.864990,579.575012,586.864990,586.847595,0
2000-03-23,586.870972,593.203979,582.679016,586.007019,585.989624,0
2000-03-24,586.612976,589.031982,578.059021,581.473022,581.455750,0
2000-03-27,581.836975,585.237000,579.684998,585.237000,585.219604,0
2000-03-28,585.268005,588.731995,582.216003,588.731995,588.714539,0
2000-03-29,588.429993,591.679016,586.544983,591.679016,591.661438,0
2000-03-30,591.679016,593.398987,581.833984,583.276001,583.258728,0
2000-03-31,null,null,null,null,null,null
2000-04-03,583.546997,583.565979,566.525024,570.901001,570.884033,0
2000-04-04,null,null,null,null,null,null
2000-04-05,570.874023,570.874023,556.596985,564.182007,564.165283,0
2000-04-06,null,null,null,null,null,null
2000-04-07,564.625977,570.815002,564.625977,570.815002,570.798035,0
2000-04-10,571.081970,571.419983,566.640015,569.617004,569.600098,0
2000-04-11,569.674988,569.739990,561.833984,569.739990,569.723083,0
2000-04-12,569.896973,570.023010,561.101013,564.737000,564.720276,0
2000-04-13,564.737000,565.841980,562.273010,565.106995,565.090210,0
2000-04-14,565.088989,565.291016,553.543030,556.788025,556.771484,0
2000-04-17,554.080994,554.080994,524.353027,529.263000,529.247253,0
2000-04-18,530.062012,536.622009,525.768982,528.258972,528.243347,0
2000-04-19,528.206970,530.961975,524.807983,526.299988,526.284363,0
2000-04-20,526.299988,526.395996,519.213013,526.395996,526.380371,0
2000-04-21,null,null,null,null,null,null
2000-04-24,526.078979,530.848999,524.443970,530.848999,530.833252,0
2000-04-25,529.731018,529.731018,515.619995,519.043030,519.027649,0
2000-04-26,518.869019,524.263000,510.066986,524.078003,524.062439,0
2000-04-27,523.664001,523.664001,519.179016,521.619995,521.604492,0
2000-04-28,521.635986,526.737000,517.966003,526.737000,526.721375,0
2000-05-01,526.831970,526.869995,521.505981,524.609009,524.593445,0
2000-05-02,524.552979,531.254028,523.885010,531.254028,531.238281,0
2000-05-03,531.270996,539.809021,529.106018,535.310974,535.295105,0
2000-05-04,535.310974,539.773010,533.130005,538.966003,538.950012,0
2000-05-05,539.049011,545.609985,539.049011,545.609985,545.593811,0
2000-05-08,545.388977,553.851013,545.388977,550.328979,550.312683,0
2000-05-09,550.622009,550.767029,537.887024,547.671997,547.655701,0
2000-05-10,547.671997,548.239990,544.043030,548.239990,548.223694,0
2000-05-11,546.726013,546.726013,527.432983,529.200989,529.185242,0
2000-05-12,529.400024,532.307983,517.432007,526.877014,526.861389,0
2000-05-15,526.588989,526.588989,512.783997,516.429993,516.414673,0
2000-05-16,515.872009,516.306030,495.200989,497.819000,497.804230,0
2000-05-17,497.819000,514.851013,497.819000,514.851013,514.835693,0
2000-05-18,null,null,null,null,null,null
2000-05-19,514.924988,515.338013,506.158997,509.404999,509.389862,0
2000-05-22,507.819000,507.819000,496.802002,499.768005,499.753174,0
2000-05-23,499.502014,499.967987,492.997009,495.510010,495.495300,0
2000-05-24,495.204987,495.204987,487.821991,493.204010,493.189362,0
2000-05-25,493.705994,497.911987,487.707001,490.682007,490.667450,0
2000-05-26,489.716003,489.716003,474.630005,482.072998,482.058685,0
2000-05-29,481.179993,481.179993,457.980988,461.389008,461.375336,0
2000-05-30,461.105988,468.708008,441.635986,468.708008,468.694092,0
2000-05-31,469.407013,474.317993,452.795013,454.326996,454.313538,0
2000-06-01,null,null,null,null,null,null
2000-06-02,454.993011,459.143005,440.463013,444.447998,444.434814,0
2000-06-05,446.041992,454.700989,446.041992,453.945007,453.931549,0
2000-06-06,453.144012,453.144012,444.916992,452.761993,452.748535,0
2000-06-07,451.901001,459.460999,445.516998,459.460999,459.447357,0
2000-06-08,460.743988,478.209015,459.963989,478.209015,478.194794,0
2000-06-09,478.792999,484.274994,472.218994,477.928009,477.913849,0
2000-06-12,478.627991,484.390991,473.471985,476.032990,476.018860,0
2000-06-13,476.032990,476.032990,465.855988,468.362000,468.348114,0
2000-06-14,468.376007,475.933014,466.096985,475.933014,475.918884,0
2000-06-15,null,null,null,null,null,null
2000-06-16,475.898987,484.020996,475.699005,484.020996,484.006622,0
2000-06-19,484.020996,491.278015,481.829987,490.687988,490.673431,0
2000-06-20,490.916992,492.733002,484.010010,490.121002,490.106445,0
2000-06-21,490.026001,494.492004,484.669006,494.492004,494.477325,0
2000-06-22,494.320007,504.407990,492.522003,501.808990,501.794098,0
2000-06-23,501.976990,503.144989,495.165009,503.144989,503.130066,0
2000-06-26,503.345001,514.825989,503.345001,507.505005,507.489929,0
2000-06-27,507.868988,512.320984,499.463989,502.050995,502.036072,0
2000-06-28,502.114014,510.118011,501.201996,510.118011,510.102875,0
2000-06-29,510.240997,513.268005,508.692993,512.596985,512.581787,0
2000-06-30,512.174988,515.109985,507.567993,515.109985,515.094666,0
2000-07-03,514.658020,514.658020,496.454010,503.855988,503.841003,0
2000-07-04,503.471985,509.384003,493.703003,509.264008,509.248871,0
2000-07-05,508.429993,516.495972,505.588013,512.466003,512.450806,0
2000-07-06,512.405029,516.633972,511.658997,513.431030,513.415833,0
2000-07-07,513.431030,513.892029,505.144012,508.108002,508.092926,0
2000-07-10,508.352997,511.138000,505.308014,508.467987,508.452911,0
2000-07-11,509.023010,512.617004,508.696991,512.617004,512.601807,0
2000-07-12,512.612976,514.581970,509.945007,510.985992,510.970825,0
2000-07-13,511.091003,511.834991,504.506989,505.920990,505.905975,0
2000-07-14,505.947998,507.433990,502.140991,504.114014,504.099030,0
2000-07-17,504.210999,508.604004,504.210999,506.802002,506.786957,0
2000-07-18,506.871002,507.045013,504.626007,507.045013,507.029968,0
2000-07-19,507.088013,513.778015,507.088013,513.778015,513.762817,0
2000-07-20,513.822021,517.854980,509.859985,513.393005,513.377808,0
2000-07-21,513.934021,514.362000,508.058014,508.794006,508.778900,0
2000-07-24,508.871002,512.273987,505.998993,506.940002,506.924957,0
2000-07-25,506.903015,506.903015,498.980988,499.677002,499.662170,0
2000-07-26,499.635986,499.635986,494.662994,496.691010,496.676270,0
2000-07-27,496.513000,499.178986,494.838013,499.178986,499.164154,0
2000-07-28,499.377014,500.618988,497.748993,498.803986,498.789185,0
2000-07-31,498.709015,498.709015,489.351990,492.192993,492.178375,0
2000-08-01,492.192993,496.733002,487.924011,489.677002,489.662476,0
2000-08-02,489.808990,491.237000,487.204010,490.437012,490.422455,0
2000-08-03,490.481995,495.632996,490.481995,491.992004,491.977417,0
2000-08-04,491.970001,494.932007,491.970001,494.160004,494.145355,0
2000-08-07,494.178009,494.319000,489.324005,490.544006,490.529449,0
2000-08-08,490.518005,491.515015,483.045013,485.079987,485.065582,0
2000-08-09,485.066010,486.309998,482.191010,483.350006,483.335663,0
2000-08-10,483.723999,490.923004,483.723999,488.618988,488.604492,0
2000-08-11,490.696014,505.790985,490.071014,505.790985,505.775970,0
2000-08-14,506.390991,510.157013,502.166992,504.066986,504.052002,0
2000-08-15,504.157990,505.052002,500.614990,501.579010,501.564117,0
2000-08-16,501.561005,501.561005,495.157013,496.399994,496.385284,0
2000-08-17,null,null,null,null,null,null
2000-08-18,496.399994,496.399994,492.808014,494.187988,494.173340,0
2000-08-21,494.164001,499.678986,492.750000,497.394012,497.379242,0
2000-08-22,497.290009,502.579987,497.290009,500.098999,500.084167,0
2000-08-23,500.243988,503.395996,499.549011,503.395996,503.381073,0
2000-08-24,501.540985,501.540985,480.419006,482.653015,482.638672,0
2000-08-25,482.653992,486.907013,482.653992,486.907013,486.892578,0
2000-08-28,486.967010,489.063995,480.704010,481.666992,481.652710,0
2000-08-29,481.437012,481.437012,469.748993,470.838013,470.824066,0
2000-08-30,470.798004,470.798004,459.643005,469.061005,469.047058,0
2000-08-31,469.067993,470.328003,462.515991,466.380005,466.366150,0
2000-09-01,466.380005,474.770996,466.380005,470.415009,470.401062,0
2000-09-04,470.760010,475.781006,470.760010,475.355988,475.341888,0
2000-09-05,475.377014,478.421997,473.518005,478.421997,478.407776,0
2000-09-06,478.502014,478.945007,474.735992,475.545990,475.531891,0
2000-09-07,475.348999,475.348999,468.889008,472.598999,472.584991,0
2000-09-08,472.835999,473.106995,470.087006,470.924988,470.910980,0
2000-09-11,470.946014,470.946014,461.906006,462.537994,462.524261,0
2000-09-12,462.352997,462.352997,449.175995,451.045013,451.031616,0
2000-09-13,449.725006,449.725006,441.645996,442.091003,442.077881,0
2000-09-14,null,null,null,null,null,null
2000-09-15,null,null,null,null,null,null
2000-09-18,440.916992,440.916992,408.582001,411.032990,411.020782,0
2000-09-19,409.321991,425.127991,408.221008,425.127991,425.115387,0
2000-09-20,425.371002,428.454010,418.550995,419.351990,419.339539,0
2000-09-21,419.115997,420.149994,415.250000,417.678009,417.665619,0
2000-09-22,417.398010,417.398010,405.204010,406.915009,406.902924,0
2000-09-25,407.233002,415.144989,407.233002,410.898010,410.885803,0
2000-09-26,410.548004,411.854004,408.416992,411.854004,411.841797,0
2000-09-27,411.821014,411.821014,406.795013,410.311005,410.298828,0
2000-09-28,410.131012,415.523010,407.709015,415.523010,415.510681,0
2000-09-29,417.328003,423.687988,417.328003,421.335999,421.323517,0
2000-10-02,421.160004,432.239014,421.072998,432.239014,432.226196,0
2000-10-03,432.263000,432.497009,425.382996,427.710999,427.698303,0
2000-10-04,427.639008,427.639008,415.769012,418.829987,418.817566,0
2000-10-05,418.865997,425.846985,418.783997,423.895996,423.883423,0
2000-10-06,423.920013,424.109009,421.020996,421.996002,421.983459,0
2000-10-09,420.520996,420.520996,413.238007,415.364014,415.351685,0
2000-10-10,415.218994,415.218994,410.192993,412.915009,412.902740,0
2000-10-11,412.177002,413.917999,409.252991,412.329987,412.317749,0
2000-10-12,411.970001,414.273010,408.024994,408.424011,408.411896,0
2000-10-13,406.071014,408.200012,400.569000,408.200012,408.187897,0
2000-10-16,408.747009,415.112000,408.747009,411.750000,411.737793,0
2000-10-17,412.127014,420.657013,412.127014,419.438995,419.426544,0
2000-10-18,418.026001,420.868011,416.109985,416.947998,416.935608,0
2000-10-19,416.980988,422.733002,413.640991,422.733002,422.720459,55317600
2000-10-20,426.996002,430.855011,419.000000,420.330994,420.318512,50827300
2000-10-23,420.817993,424.003998,415.717987,417.450989,417.438599,27470300
2000-10-24,417.079010,419.790009,416.467010,418.640991,418.628571,21477400
2000-10-25,null,null,null,null,null,null
2000-10-26,418.199005,418.199005,411.770996,414.160004,414.147736,17937400
2000-10-27,414.160004,414.398010,409.897003,411.842987,411.830780,43995400
2000-10-30,411.787994,411.787994,401.687012,404.114990,404.102997,40431500
2000-10-31,403.635010,405.346985,399.072998,405.346985,405.334930,40431500
2000-11-01,406.894989,411.252014,406.894989,409.362000,409.349854,0
2000-11-02,409.346985,409.346985,405.566986,407.960999,407.948883,0
2000-11-03,409.098999,410.173004,406.907990,409.834015,409.821869,0
2000-11-06,409.954010,416.256012,409.954010,415.266998,415.254669,0
2000-11-07,415.410004,421.032990,415.410004,421.032990,421.020508,0
2000-11-08,420.953003,428.313995,418.144989,426.075989,426.063354,0
2000-11-09,425.540009,428.035004,419.260010,421.471985,421.459503,39677000
2000-11-10,421.579010,426.970001,420.332001,426.970001,426.957336,39677000
2000-11-13,426.838013,426.838013,421.786011,423.664001,423.651428,28885600
2000-11-14,423.687012,427.268005,420.380005,425.609985,425.597351,43331400
2000-11-15,426.579010,428.565002,417.467010,418.718994,418.706573,41018200
2000-11-16,418.682007,419.946014,416.343994,416.980988,416.968597,33604200
2000-11-17,417.042999,421.143005,417.042999,421.143005,421.130524,32146300
2000-11-20,421.118011,426.937012,421.071991,426.292999,426.280334,49884300
2000-11-21,428.082001,428.082001,423.856995,425.515991,425.503357,36195800
2000-11-22,425.395996,434.084991,425.395996,431.701996,431.689178,53235000
2000-11-23,431.790009,435.704010,429.569000,433.548004,433.535126,48630600
2000-11-24,433.492004,436.121002,431.834991,434.210999,434.198120,31591200
2000-11-27,434.296997,435.588989,428.101990,431.239990,431.227173,23369700
2000-11-28,430.040985,430.040985,424.475006,426.942993,426.930328,20431900
2000-11-29,426.355011,426.355011,422.179993,425.302002,425.289368,20431900
2000-11-30,425.302002,429.213989,424.230011,429.213989,429.201233,36715200
2000-12-01,428.273010,428.592010,426.053986,427.552002,427.539307,30009400
2000-12-04,427.592010,431.138000,427.592010,429.903992,429.891235,30009400
2000-12-05,429.660004,431.434998,428.429993,431.434998,431.422180,46791300
2000-12-06,433.931000,435.292999,431.756989,433.721985,433.709106,40173800
2000-12-07,432.785004,435.641998,430.772003,435.641998,435.629089,68596100
2000-12-08,436.114990,438.592010,429.747986,431.808014,431.795197,24026500
2000-12-11,432.164001,432.164001,419.520996,421.472992,421.460510,45993300
2000-12-12,421.917999,423.748993,412.657990,415.177002,415.164673,28272600
2000-12-13,415.243011,420.437988,414.578003,420.437988,420.425507,25848500
2000-12-14,420.190002,423.662994,416.216003,419.196014,419.183594,25848500
2000-12-15,418.178009,423.683990,417.002014,423.683990,423.671417,39134800
2000-12-18,423.779999,424.731995,416.078003,418.553009,418.540588,28560200
2000-12-19,418.571991,420.445007,416.634003,418.782990,418.770569,24573800
2000-12-20,418.893005,420.537994,412.037994,414.869995,414.857666,23101800
2000-12-21,414.528015,415.178986,410.938995,415.102997,415.090668,20597900
2000-12-22,414.317993,418.815002,412.532013,416.321014,416.308655,290290200
2000-12-25,null,null,null,null,null,null
2000-12-26,null,null,null,null,null,null
2000-12-27,null,null,null,null,null,null
2000-12-28,null,null,null,null,null,null
2000-12-29,null,null,null,null,null,null
2001-01-01,null,null,null,null,null,null
2001-01-02,415.372009,415.372009,407.596985,410.204987,410.192810,0
2001-01-03,409.601013,409.601013,402.381989,405.829010,405.816956,0
2001-01-04,407.269989,409.957001,405.270996,409.826996,409.814850,32892700
2001-01-05,410.899994,418.820007,410.899994,418.820007,418.807587,62105800
2001-01-08,418.747986,418.747986,413.153015,415.765991,415.753662,36662200
2001-01-09,415.765991,418.973999,412.959015,415.273010,415.260681,43714300
2001-01-10,415.325989,418.229004,414.592010,417.519012,417.506622,42180000
2001-01-11,416.944000,416.944000,408.083008,410.381012,410.368835,28157600
2001-01-12,409.782013,411.183014,404.731995,407.364990,407.352905,62316600
2001-01-15,407.686005,412.806000,407.686005,411.976013,411.963806,54630300
2001-01-16,411.976013,415.210999,411.976013,415.088989,415.076660,95101900
2001-01-17,415.841003,418.397003,410.401001,414.665009,414.652679,38758000
2001-01-18,416.032990,417.588989,414.122009,416.345001,416.332642,89920300
2001-01-19,416.402008,416.402008,409.097992,411.558014,411.545807,49918200
2001-01-22,412.592010,417.907990,412.592010,417.907990,417.895569,36241900
2001-01-23,415.678009,416.583008,413.657013,415.743011,415.730682,28370100
2001-01-24,415.546997,416.967010,413.864990,416.967010,416.954620,13791400
2001-01-25,416.997986,418.286987,415.539001,417.130005,417.117615,31013100
2001-01-26,417.130005,417.130005,414.697998,416.787994,416.775635,55957300
2001-01-29,416.001007,416.001007,408.501007,413.052002,413.039734,31202300
2001-01-30,413.052002,416.325012,413.052002,416.325012,416.312653,38959100
2001-01-31,416.850006,425.614014,416.182007,425.614014,425.601379,98486000
2001-02-01,426.265991,430.894989,422.303009,430.580994,430.568237,74252400
2001-02-02,431.093994,454.298004,430.661011,451.979004,451.965607,63247300
2001-02-05,461.134003,469.812012,456.334991,458.951996,458.938385,52984300
2001-02-06,456.648010,456.648010,447.700989,450.109985,450.096619,89806400
2001-02-07,449.382996,449.382996,438.673004,444.333008,444.319824,67505200
2001-02-08,444.156006,445.454010,438.122009,440.776001,440.762909,66526800
2001-02-09,440.645996,440.645996,422.894989,427.914001,427.901306,50669300
2001-02-12,427.914001,427.914001,421.437012,424.464996,424.452393,36114000
2001-02-13,424.464996,428.617004,424.277008,426.171997,426.159363,60703400
2001-02-14,425.489014,425.489014,420.807007,423.213989,423.201447,168403200
2001-02-15,427.699005,441.023010,427.699005,440.222992,440.209930,97893900
2001-02-16,439.187012,439.484985,430.812988,432.079010,432.066193,48488000
2001-02-19,430.540985,436.946014,429.941010,435.139008,435.126099,34514900
2001-02-20,435.338989,436.312988,431.800995,433.681000,433.668121,36173500
2001-02-21,434.178009,442.515991,434.178009,439.903015,439.889954,49968300
2001-02-22,440.424988,440.424988,435.699005,437.029999,437.017029,28502400
2001-02-23,436.013000,439.106995,434.957001,438.645996,438.632965,42088200
2001-02-26,438.171997,438.171997,429.661987,432.149994,432.137177,23562500
2001-02-27,432.149994,435.134003,429.678986,433.308014,433.295166,31159100
2001-02-28,432.678009,432.678009,426.157013,428.303009,428.290314,31288500
2001-03-01,426.644989,426.644989,422.407990,424.029999,424.017395,32792700
2001-03-02,423.596008,429.303009,423.304993,426.127014,426.114380,34598600
2001-03-05,null,null,null,null,null,null
2001-03-06,425.856995,431.518005,425.856995,431.518005,431.505188,31022000
2001-03-07,431.734985,435.375000,429.000000,430.549988,430.537231,32523000
2001-03-08,430.549988,432.964996,426.763000,428.036011,428.023315,22691900
2001-03-09,427.906006,427.906006,412.744995,414.105988,414.093719,44696000
2001-03-12,411.877014,411.877014,391.196991,396.610992,396.599213,61805600
2001-03-13,391.885986,392.773987,383.648987,385.906006,385.894562,73344300
2001-03-14,387.690002,394.899994,387.690002,389.192993,389.181427,41541000
2001-03-15,386.148010,386.924988,381.516998,386.863007,386.851501,48274000
2001-03-16,387.591003,388.237000,378.425995,380.515015,380.503723,51673400
2001-03-19,378.806000,378.806000,364.686005,367.141998,367.131104,47492900
2001-03-20,367.141998,367.886993,358.205994,360.449005,360.438324,63026400
2001-03-21,359.399994,369.075012,352.670990,369.075012,369.064056,23890800
2001-03-22,366.653015,367.708008,360.807007,363.182007,363.171204,91056800
2001-03-23,362.050995,371.471985,362.050995,371.471985,371.460968,22172200
2001-03-26,null,null,null,null,null,null
2001-03-27,371.600006,376.621002,367.674011,369.303009,369.292053,67965200
2001-03-28,369.248993,375.179993,368.989990,375.179993,375.168854,82887600
2001-03-29,374.233002,381.773010,372.306000,381.773010,381.761658,59943300
2001-03-30,383.876007,387.889008,379.683990,381.049988,381.038696,46249100
2001-04-02,381.045990,381.263000,374.369995,375.032013,375.020874,50679900
2001-04-03,374.056000,374.056000,369.747986,372.653015,372.641937,65399800
2001-04-04,371.308014,371.308014,365.026001,367.407990,367.397095,55601400
2001-04-05,367.350006,368.921997,361.312988,362.467987,362.457245,77876400
2001-04-06,364.062988,367.549011,363.532013,364.342987,364.332184,41247300
2001-04-09,363.315002,364.738007,361.221008,362.276001,362.265259,48981800
2001-04-10,362.290009,369.332001,362.290009,369.196991,369.186035,60868000
2001-04-11,371.596985,373.845001,364.967010,367.156006,367.145111,42392700
2001-04-12,367.688995,368.854004,364.609985,365.983002,365.972137,0
2001-04-13,null,null,null,null,null,null
2001-04-16,365.821991,365.821991,361.588989,363.210999,363.200195,29949200
2001-04-17,363.566986,363.566986,358.115997,360.036987,360.026306,47051900
2001-04-18,360.157013,360.699005,354.203003,356.230011,356.219421,37325600
2001-04-19,357.286011,359.977997,345.518005,349.308014,349.297638,50376300
2001-04-20,348.377991,348.377991,338.178986,342.858002,342.847809,58647000
2001-04-23,342.322998,346.407013,340.154999,346.407013,346.396759,53797600
2001-04-24,346.626007,348.098999,345.313995,348.098999,348.088684,47397600
2001-04-25,348.110992,353.735992,348.110992,353.181000,353.170532,73046900
2001-04-26,352.423004,352.423004,349.306000,351.335999,351.325562,36995400
2001-04-27,350.316010,351.786011,345.572998,351.562012,351.551575,52612900
2001-04-30,351.635010,358.231995,350.175995,358.231995,358.221344,49048100
2001-05-01,359.402008,365.789001,357.809998,362.227997,362.217255,100016700
